restaurant_id,Market Segment,Price Group,Room Type,latitude,longitude
74321832,Abakan,6,3,53.72068,91.4406019
74321900,Abakan,6,3,53.72068,91.4406019
74221340,Achinsk,6,3,56.2694846,90.4953964
74014457,Aksay,4,0,47.268696,39.861362
74021557,Aleksandrov,9,3,56.3962287,38.7111103
74021895,Almetyevsk,0,3,54.9005008,52.2963777
74220499,Anapa,7,4,44.894272,37.316887
74221287,Anapa,7,3,44.894272,37.316887
74221451,Anapa,7,4,44.894272,37.316887
74220902,Andreevka,4,3,49.5241416,84.4687681
74021395,Angarsk,6,0,52.5443167,103.8882138
74021811,Anzhero-Sudzhensk,0,3,56.077808,86.019356
74221156,Aprelevka,4,2,55.5454306,37.0730417
74221175,Aprelevka,4,3,55.5454306,37.0730417
74021271,Arkhangelsk,5,0,64.543022,40.537121
74021467,Arkhangelsk,5,3,64.543022,40.537121
74021100,Armavir,7,0,44.9993585,41.1294061
74021165,Armavir,7,3,44.9993585,41.1294061
74021600,Artyom,0,3,43.3570377,132.1853629
74021315,Astrakhan,4,0,46.3498308,48.0326203
74021370,Astrakhan,4,0,46.3498308,48.0326203
74021614,Astrakhan,4,4,46.3498308,48.0326203
74021615,Astrakhan,4,3,46.3498308,48.0326203
74021616,Astrakhan,4,0,46.3498308,48.0326203
74021702,Astrakhan,4,3,46.3498308,48.0326203
74021867,Balakovo,0,3,52.01812,47.819141
74021534,Balashikha,0,3,55.7997662,37.9373707
74020490,Balashikha,0,2,55.7997662,37.9373707
74220627,Balashikha,0,2,55.7997662,37.9373707
74220970,Balashikha,0,3,55.7997662,37.9373707
74221019,Balashikha,0,4,55.7997662,37.9373707
74221037,Balashikha,4,3,55.7997662,37.9373707
74220934,Balashikha,0,2,55.7997662,37.9373707
74221419,Balashikha,4,0,55.7997662,37.9373707
74221442,Balashikha,0,0,55.7997662,37.9373707
74221472,Balashikha,0,4,55.7997662,37.9373707
74021976,Balashov,0,0,51.5546717,43.1430732
74020454,Barnaul,0,3,53.3475493,83.7788448
74020505,Barnaul,0,3,53.3475493,83.7788448
74020654,Barnaul,0,0,53.3475493,83.7788448
74020809,Barnaul,0,3,53.3475493,83.7788448
74020979,Barnaul,0,3,53.3475493,83.7788448
74021092,Barnaul,0,0,53.3475493,83.7788448
74021907,Barnaul,0,4,53.3475493,83.7788448
74021908,Barnaul,0,3,53.3475493,83.7788448
74021306,Bataysk,4,2,47.138527,39.742348
74020591,Belgorod,4,3,50.5955595,36.5873394
74020621,Belgorod,4,0,50.5955595,36.5873394
74021352,Belgorod,4,2,50.5955595,36.5873394
74021977,Belovo,0,3,54.419323,86.303429
74220834,Berdsk,1,2,54.75795,83.1068095
74321851,Berdsk,1,3,54.75795,83.1068095
74321831,Beryozovsky,0,3,56.9097871,60.8120254
74021243,Biysk,0,3,52.5394905,85.2148673
74021408,Blagoveshchensk,0,3,50.2600417,127.5337378
74021435,Blagoveshchensk,0,2,50.2600417,127.5337378
74021938,Bratsk,6,3,56.1517085,101.6334907
74220437,Bronnitsy,4,4,55.422,38.2591
74021282,Bryansk,0,0,53.27896405,34.36589361201107
74021462,Bryansk,0,2,53.27896405,34.36589361201107
74021973,Bryansk,0,0,53.27896405,34.36589361201107
74021516,Bykovo,0,3,55.6311596,38.0761816
74021319,Chaykovsky,0,3,56.7787468,54.1500704
74021302,Cheboksary,4,0,56.1307195,47.2449597
74021639,Cheboksary,4,3,56.1307195,47.2449597
74221272,Chekhov,4,0,55.1426603,37.4545328
74022011,Chekhov,0,2,55.1426603,37.4545328
74020520,Chelyabinsk,9,0,55.1598408,61.4025547
74020652,Chelyabinsk,9,3,55.1598408,61.4025547
74020653,Chelyabinsk,9,0,55.1598408,61.4025547
74021244,Chelyabinsk,9,3,55.1598408,61.4025547
74021567,Chelyabinsk,9,0,55.1598408,61.4025547
74321790,Chelyabinsk,9,4,55.1598408,61.4025547
74321791,Chelyabinsk,9,2,55.1598408,61.4025547
74321792,Chelyabinsk,9,1,55.1598408,61.4025547
74321819,Chelyabinsk,9,1,55.1598408,61.4025547
74321820,Chelyabinsk,9,3,55.1598408,61.4025547
74321827,Chelyabinsk,9,0,55.1598408,61.4025547
74020617,Cherepovets,4,3,59.128696,37.916389
74021903,Cherepovets,4,4,59.128696,37.916389
74020672,Cherkessk,4,3,44.22538305,42.06819662981461
74221036,Chernaya Gryaz,0,2,56.2277649,28.4191006
74321845,Chernogorsk,6,3,53.828236,91.31321
74021878,Chita,6,0,52.033409,113.500893
74021879,Chita,6,0,52.033409,113.500893
74220840,Churilkovo,4,2,55.4953336,37.8301044
74022006,Dagestanskie Ogni,4,4,42.1152434,48.1864201
74022007,Derbent,4,3,42.057858,48.2887648
74220713,Dmitrov,4,4,56.3450695,37.5200723
74220911,Dmitrov,4,3,56.3450695,37.5200723
74221173,Dolgoprudny,4,3,55.946607650000004,37.50483582166906
74021607,Domodedovo,0,3,55.4368213,37.7680693
74220659,Domodedovo,4,0,55.4368213,37.7680693
74321662,Domodedovo,4,0,55.4368213,37.7680693
74321794,Domodedovo,4,3,55.4368213,37.7680693
74321806,Domodedovo,4,2,55.4368213,37.7680693
74021015,Domodedovo airport,10,3,55.40912105,37.904166212415895
74321849,Dubna,4,3,56.74177675,37.17553296960783
74321866,Dzerjinsk,0,3,56.2382157,43.4617405
74321867,Dzerjinsk,0,3,56.2382157,43.4617405
74221414,Ekaterinburg,0,0,56.839104,60.60825
74221439,Ekaterinburg,0,2,56.839104,60.60825
74221450,Ekaterinburg,0,3,56.839104,60.60825
74213756,Ekaterinburg,9,0,56.839104,60.60825
74220426,Ekaterinburg,0,4,56.839104,60.60825
74220433,Ekaterinburg,0,3,56.839104,60.60825
74220550,Ekaterinburg,0,0,56.839104,60.60825
74220607,Ekaterinburg,9,3,56.839104,60.60825
74220766,Ekaterinburg,0,3,56.839104,60.60825
74220765,Ekaterinburg,9,0,56.839104,60.60825
74220854,Ekaterinburg,0,2,56.839104,60.60825
74220935,Ekaterinburg,0,3,56.839104,60.60825
74220954,Ekaterinburg,0,3,56.839104,60.60825
74220975,Ekaterinburg,9,0,56.839104,60.60825
74221082,Ekaterinburg,0,0,56.839104,60.60825
74221041,Ekaterinburg,9,4,56.839104,60.60825
74221255,Ekaterinburg,0,4,56.839104,60.60825
74321681,Ekaterinburg,0,0,56.839104,60.60825
74321805,Ekaterinburg,0,3,56.839104,60.60825
74321847,Ekaterinburg,0,3,56.839104,60.60825
74321887,Ekaterinburg,0,3,56.839104,60.60825
74020777,Elektrostal,4,0,55.7903785,38.4405711
74015983,Elektrostal,4,0,55.7903785,38.4405711
74220797,Elektrostal,4,4,55.7903785,38.4405711
74021511,Elektrougli,0,3,55.7184467,38.2228192
74021807,Elets,4,3,52.6219865,38.5003298
74021181,Engels,0,0,51.5013775,46.1233093
74021705,Engels,0,3,51.5013775,46.1233093
74221035,Ermolino,0,4,57.0963256,41.2468583
74321896,Fryazino,4,0,55.954618,38.0567691
74020542,Gatchina,4,3,59.5706273,30.1305083
74021893,Georgievsk,4,2,44.1740322,43.44529697488328
74022010,Glazov,0,2,58.1401196,52.6464388
74221043,Golitsyno,4,3,55.6149602,36.9887625
74021576,Gorki-10,0,3,55.704495,37.0239744
74021624,Gorno-Altaysk,0,0,51.92989145,85.97886806711134
74021493,Goryachy Klyuch,5,4,52.27615,104.908379
74021647,Gubkin,4,0,51.283714,37.53466
74021715,Gus-Khrustalny,2,3,55.6149968,40.6708665
74020631,Hanty-Mansiysk,0,3,61.8793428,68.6418156
74021391,Irkutsk,6,0,56.6370122,104.719221
74021392,Irkutsk,6,0,56.6370122,104.719221
74021393,Irkutsk,6,0,56.6370122,104.719221
74021394,Irkutsk,6,2,56.6370122,104.719221
74021396,Irkutsk,6,0,56.6370122,104.719221
74021397,Irkutsk,6,3,56.6370122,104.719221
74021398,Irkutsk,6,2,56.6370122,104.719221
74021399,Irkutsk,6,0,56.6370122,104.719221
74021400,Irkutsk,6,0,56.6370122,104.719221
74021401,Irkutsk,6,3,56.6370122,104.719221
74221426,Istra,4,3,55.9145993,36.8595482
74221045,Istra,4,3,55.9145993,36.8595482
74021209,Ivanovo,4,0,57.0088004,40.96306331898382
74021424,Ivanovo,4,3,57.0088004,40.96306331898382
74021555,Ivanovo,4,3,57.0088004,40.96306331898382
74021740,Ivanovo,4,2,57.0088004,40.96306331898382
74021761,Ivanovo,4,0,57.0088004,40.96306331898382
74020449,Izhevsk,0,3,56.86051745,53.197730742455306
74020581,Izhevsk,0,3,56.86051745,53.197730742455306
74020642,Izhevsk,0,3,56.86051745,53.197730742455306
74020952,Izhevsk,0,3,56.86051745,53.197730742455306
74021062,Izhevsk,0,2,56.86051745,53.197730742455306
74021147,Izhevsk,0,3,56.86051745,53.197730742455306
74021433,Izhevsk,0,2,56.86051745,53.197730742455306
74021434,Izhevsk,0,0,56.86051745,53.197730742455306
74021458,Izhevsk,0,2,56.86051745,53.197730742455306
74015252,Izhevsk,0,3,56.86051745,53.197730742455306
74013982,Izhevsk,0,3,56.86051745,53.197730742455306
74019201,Izhevsk,0,0,56.86051745,53.197730742455306
74020385,Izhevsk,0,3,56.86051745,53.197730742455306
74022004,Izhevsk,0,2,56.86051745,53.197730742455306
74021358,Kaliningrad,0,3,54.710128,20.5105838
74022017,Kaliningrad,3,3,54.710128,20.5105838
74020558,Kaluga,0,3,54.5101087,36.2598115
74020684,Kaluga,0,0,54.5101087,36.2598115
74021389,Kaluga,0,3,54.5101087,36.2598115
74021535,Kaluga,0,4,54.5101087,36.2598115
74013336,Kaluga,0,3,54.5101087,36.2598115
74021735,Kaluga,0,2,54.5101087,36.2598115
74021949,Kamensk-Shakhtinsky,4,2,48.27551875,40.2318349278581
74321880,Kamyshin,4,3,50.0808422,45.4048003
74321854,Kansk,6,3,56.205997,95.706787
74321863,Kashira,4,0,54.837449,38.1505119
74020605,Kazan,9,3,55.7823547,49.1242266
74020817,Kazan,9,0,55.7823547,49.1242266
74020892,Kazan,9,0,55.7823547,49.1242266
74020921,Kazan,9,4,55.7823547,49.1242266
74021030,Kazan,9,1,55.7823547,49.1242266
74021090,Kazan,9,3,55.7823547,49.1242266
74021374,Kazan,9,4,55.7823547,49.1242266
74021464,Kazan,9,3,55.7823547,49.1242266
74021595,Kazan,9,3,55.7823547,49.1242266
74020404,Kazan,9,0,55.7823547,49.1242266
74020443,Kazan,9,3,55.7823547,49.1242266
74021780,Kazan,9,0,55.7823547,49.1242266
74021822,Kazan,9,4,55.7823547,49.1242266
74020658,Kemerovo,0,4,55.3550907,86.0871213
74020741,Kemerovo,0,3,55.3550907,86.0871213
74020865,Kemerovo,0,3,55.3550907,86.0871213
74021343,Kemerovo,0,0,55.3550907,86.0871213
74021346,Kemerovo,0,3,55.3550907,86.0871213
74021964,Kemerovo,0,0,55.3550907,86.0871213
74021206,Khabarovsk,0,3,51.6312684,136.121524
74021369,Khabarovsk,0,3,51.6312684,136.121524
74021558,Khabarovsk,0,0,51.6312684,136.121524
74021601,Khabarovsk,0,4,51.6312684,136.121524
74021836,Khabarovsk,0,3,51.6312684,136.121524
74021920,Khabarovsk,0,3,51.6312684,136.121524
74021819,Khasavyurt,4,2,43.246916,46.5855184
74021157,Khimki,0,2,55.8917293,37.4396994
74021533,Khimki,0,3,55.8917293,37.4396994
74013324,Khimki,4,3,55.8917293,37.4396994
74020429,Khimki,4,3,55.8917293,37.4396994
74020418,Khimki,0,2,55.8917293,37.4396994
74220756,Khimki,4,3,55.8917293,37.4396994
74013278,Khimki,0,3,55.8917293,37.4396994
74220992,Khotkovo,4,3,56.2516797,37.9780219
74021703,Kineshma,2,3,57.441310400000006,42.157962718212524
74021894,Kineshma,2,3,57.441310400000006,42.157962718212524
74021333,Kingisepp,9,2,59.3743982,28.5981591
74020692,Kirishi,4,4,59.450325,32.010578
74020582,Kirov,0,3,58.6035661,49.6666241
74020698,Kirov,0,3,58.6035661,49.6666241
74021168,Kirovsk,2,3,59.8813954,30.9855331
74220752,Klin,4,2,49.4350714,19.4971363
74220969,Klin,4,3,49.4350714,19.4971363
74020906,Kogalym,0,0,62.26798,74.4889068
74220714,Kolomna,4,3,55.0938743,38.7670121
74220912,Kolomna,4,0,55.0938743,38.7670121
74221225,Kolomna,4,2,55.0938743,38.7670121
74321675,Kopeysk,9,3,55.1131951,61.6216332
74021384,Korenovsk,7,3,45.4635863,39.4487565
74020471,Korolyov,0,2,55.9133755,37.84640767607998
74220889,Korolyov,0,3,55.9133755,37.84640767607998
74021371,Kostroma,4,4,57.79648535,40.96933053522937
74021461,Kostroma,4,0,57.79648535,40.96933053522937
74021366,Kotelniki,0,3,55.659491349999996,37.8656927982326
74014084,Kotelniki,0,0,55.659491349999996,37.8656927982326
74021580,Kovrov,4,3,56.374603,41.311676
74021101,Krasnodar,4,3,45.0351532,38.9772396
74021102,Krasnodar,4,3,45.0351532,38.9772396
74021103,Krasnodar,4,3,45.0351532,38.9772396
74021104,Krasnodar,4,3,45.0351532,38.9772396
74021106,Krasnodar,4,4,45.0351532,38.9772396
74021111,Krasnodar,4,3,45.0351532,38.9772396
74021112,Krasnodar,4,4,45.0351532,38.9772396
74021113,Krasnodar,4,0,45.0351532,38.9772396
74021114,Krasnodar,4,3,45.0351532,38.9772396
74021115,Krasnodar,4,0,45.0351532,38.9772396
74021116,Krasnodar,4,3,45.0351532,38.9772396
74021117,Krasnodar,4,0,45.0351532,38.9772396
74021118,Krasnodar,4,0,45.0351532,38.9772396
74021119,Krasnodar,4,3,45.0351532,38.9772396
74021120,Krasnodar,4,0,45.0351532,38.9772396
74021121,Krasnodar,4,0,45.0351532,38.9772396
74021299,Krasnodar,4,3,45.0351532,38.9772396
74021334,Krasnodar,4,3,45.0351532,38.9772396
74021336,Krasnodar,4,4,45.0351532,38.9772396
74021345,Krasnodar,4,3,45.0351532,38.9772396
74021383,Krasnodar,4,3,45.0351532,38.9772396
74021385,Krasnodar,4,4,45.0351532,38.9772396
74021637,Krasnodar,4,4,45.0351532,38.9772396
74021653,Krasnodar,4,3,45.0351532,38.9772396
74021917,Krasnodar,4,3,45.0351532,38.9772396
74213275,Krasnogorsk,4,0,55.8217545,37.3400897
74220526,Krasnogorsk,4,3,55.8217545,37.3400897
74321688,Krasnogorsk,4,0,55.8217545,37.3400897
74221447,Krasnoyarsk,0,2,56.0090968,92.8725147
74221474,Krasnoyarsk,0,2,56.0090968,92.8725147
74221499,Krasnoyarsk,0,3,56.0090968,92.8725147
74214878,Krasnoyarsk,0,0,56.0090968,92.8725147
74215982,Krasnoyarsk,0,3,56.0090968,92.8725147
74220480,Krasnoyarsk,0,2,56.0090968,92.8725147
74220544,Krasnoyarsk,0,2,56.0090968,92.8725147
74220613,Krasnoyarsk,6,0,56.0090968,92.8725147
74220780,Krasnoyarsk,6,3,56.0090968,92.8725147
74220910,Krasnoyarsk,6,3,56.0090968,92.8725147
74221020,Krasnoyarsk,0,0,56.0090968,92.8725147
74220887,Krasnoyarsk,0,2,56.0090968,92.8725147
74221185,Krasnoyarsk,6,3,56.0090968,92.8725147
74221254,Krasnoyarsk,0,3,56.0090968,92.8725147
74221267,Krasnoyarsk,0,3,56.0090968,92.8725147
74221339,Krasnoyarsk,0,3,56.0090968,92.8725147
74221476,Krasnoyarsk,6,3,56.0090968,92.8725147
74221501,Krasnoyarsk,0,3,56.0090968,92.8725147
74321901,Krasnoyarsk,0,3,56.0090968,92.8725147
74020587,Krasnoznamensk,0,2,55.59225895,37.0560380034087
74021443,Kropotkin,7,3,45.4344413,40.5750274
74021105,Krymsk,5,4,44.9295889,37.9880177
74021064,Kubinka,0,3,50.104990900000004,19.696623901004465
74321626,Kurgan,9,0,55.41284775,65.38521650075313
74321781,Kurgan,9,3,55.41284775,65.38521650075313
74321862,Kurgan,9,3,55.41284775,65.38521650075313
74021512,Kurovskoye,0,3,55.5771391,38.9225824
74321910,Kursk,0,0,69.6,37.566667
74321911,Kursk,0,0,69.6,37.566667
74321912,Kursk,0,3,69.6,37.566667
74021932,Kuznetsk,0,4,53.112514,46.600727
74321809,Langepas,6,3,61.247257,75.189278
74021166,Leninsk-Kuznetsky,0,3,54.665443,86.166115
74221207,Likino,0,2,55.7043101,38.9569091
74221042,Likino-Dulyovo,4,3,55.7043101,38.9569091
74021803,Lipetsk,4,3,52.6935178,39.1122664
74021804,Lipetsk,4,3,52.6935178,39.1122664
74021805,Lipetsk,4,0,52.6935178,39.1122664
74021806,Lipetsk,4,3,52.6935178,39.1122664
74021946,Lipetsk,4,0,52.6935178,39.1122664
74321628,Lobnya,4,4,56.0104473,37.4670831
74014086,Lobnya,0,3,56.0104473,37.4670831
74021712,Luga,9,3,58.735699,29.8475013
74021137,Lukhovitsy,0,3,54.9655573,39.0277188
74321855,Lytkarino,4,0,55.578138,37.90238427164106
74020808,Lyubertsy,0,0,55.6783142,37.89377
74020506,Lyubertsy,0,3,55.6783142,37.89377
74213276,Lyubertsy,4,3,55.6783142,37.89377
74321814,Lyubertsy,4,0,55.6783142,37.89377
74020593,Magnitogorsk,0,3,53.42568665,59.050732193093054
74020400,Magnitogorsk,9,3,53.42568665,59.050732193093054
74321713,Magnitogorsk,9,0,53.42568665,59.050732193093054
74321770,Magnitogorsk,9,2,53.42568665,59.050732193093054
74321830,Magnitogorsk,9,2,53.42568665,59.050732193093054
74321856,Magnitogorsk,9,2,53.42568665,59.050732193093054
74020943,Makhachkala,4,3,42.9830241,47.5048717
74021060,Makhachkala,4,3,42.9830241,47.5048717
74021159,Makhachkala,4,3,42.9830241,47.5048717
74021211,Makhachkala,4,2,42.9830241,47.5048717
74021305,Makhachkala,4,2,42.9830241,47.5048717
74021429,Makhachkala,4,3,42.9830241,47.5048717
74021979,Makhachkala,4,2,42.9830241,47.5048717
74021643,Marusino,0,3,55.0384524,82.7567523
74021466,Maykop,7,3,44.6062079,40.104053
74321822,Megion,6,3,61.035404,76.108215
74321826,Mezhdurechensk,6,3,53.6863763,88.0703443
74321888,Miass,5,0,55.09957385,60.02363970676713
74021741,Michurinsk,0,3,52.8946613,40.5071721
74321873,Mikhaylovka,4,3,50.0797109,43.2342365
74021950,Mikhaylovsk,4,2,56.444538,59.124191
74021577,Mikhnevo,0,3,55.1212335,37.9584994
74021778,Mineralnye Vody,0,2,44.2107377,43.134969
74021648,Mokshino,4,2,54.7100177,50.8029204
74020442,Moscow,0,3,55.625578,37.6063916
74020460,Moscow,0,4,55.625578,37.6063916
74020477,Moscow,5,3,55.625578,37.6063916
74020566,Moscow,0,0,55.625578,37.6063916
74020588,Moscow,0,3,55.625578,37.6063916
74020592,Moscow,0,3,55.625578,37.6063916
74020611,Moscow,0,0,55.625578,37.6063916
74020675,Moscow,0,0,55.625578,37.6063916
74020676,Moscow,4,0,55.625578,37.6063916
74020677,Moscow,4,0,55.625578,37.6063916
74020678,Moscow,0,3,55.625578,37.6063916
74020660,Moscow,0,0,55.625578,37.6063916
74020655,Moscow,4,3,55.625578,37.6063916
74020670,Moscow,4,4,55.625578,37.6063916
74020682,Moscow,0,0,55.625578,37.6063916
74020681,Moscow,0,0,55.625578,37.6063916
74020696,Moscow,4,3,55.625578,37.6063916
74020701,Moscow,4,0,55.625578,37.6063916
74020699,Moscow,4,3,55.625578,37.6063916
74020712,Moscow,4,3,55.625578,37.6063916
74020740,Moscow,4,0,55.625578,37.6063916
74020743,Moscow,0,3,55.625578,37.6063916
74020746,Moscow,4,3,55.625578,37.6063916
74020757,Moscow,4,3,55.625578,37.6063916
74020758,Moscow,0,0,55.625578,37.6063916
74020763,Moscow,4,0,55.625578,37.6063916
74020776,Moscow,4,3,55.625578,37.6063916
74020764,Moscow,4,3,55.625578,37.6063916
74020789,Moscow,4,3,55.625578,37.6063916
74020793,Moscow,4,3,55.625578,37.6063916
74020795,Moscow,4,3,55.625578,37.6063916
74020799,Moscow,4,4,55.625578,37.6063916
74020802,Moscow,4,3,55.625578,37.6063916
74020828,Moscow,0,3,55.625578,37.6063916
74020836,Moscow,0,3,55.625578,37.6063916
74020837,Moscow,0,3,55.625578,37.6063916
74020852,Moscow,4,3,55.625578,37.6063916
74020871,Moscow,0,3,55.625578,37.6063916
74020880,Moscow,4,3,55.625578,37.6063916
74020897,Moscow,4,3,55.625578,37.6063916
74020898,Moscow,4,3,55.625578,37.6063916
74020918,Moscow,4,3,55.625578,37.6063916
74020919,Moscow,4,3,55.625578,37.6063916
74020973,Moscow,4,3,55.625578,37.6063916
74020976,Moscow,4,3,55.625578,37.6063916
74020981,Moscow,4,3,55.625578,37.6063916
74020983,Moscow,4,0,55.625578,37.6063916
74020989,Moscow,0,3,55.625578,37.6063916
74021003,Moscow,0,3,55.625578,37.6063916
74021008,Moscow,0,3,55.625578,37.6063916
74021010,Moscow,4,3,55.625578,37.6063916
74021012,Moscow,4,3,55.625578,37.6063916
74021049,Moscow,0,3,55.625578,37.6063916
74021053,Moscow,4,4,55.625578,37.6063916
74021054,Moscow,4,4,55.625578,37.6063916
74021069,Moscow,4,3,55.625578,37.6063916
74021070,Moscow,4,3,55.625578,37.6063916
74021083,Moscow,4,3,55.625578,37.6063916
74021095,Moscow,0,3,55.625578,37.6063916
74021098,Moscow,4,3,55.625578,37.6063916
74021099,Moscow,0,3,55.625578,37.6063916
74021132,Moscow,0,3,55.625578,37.6063916
74021160,Moscow,0,3,55.625578,37.6063916
74021171,Moscow,0,0,55.625578,37.6063916
74021184,Moscow,0,3,55.625578,37.6063916
74021208,Moscow,4,3,55.625578,37.6063916
74021219,Moscow,4,3,55.625578,37.6063916
74021221,Moscow,4,3,55.625578,37.6063916
74221226,Moscow,4,2,55.625578,37.6063916
74021242,Moscow,4,3,55.625578,37.6063916
74021245,Moscow,0,3,55.625578,37.6063916
74021251,Moscow,4,0,55.625578,37.6063916
74021253,Moscow,4,3,55.625578,37.6063916
74021259,Moscow,4,3,55.625578,37.6063916
74021266,Moscow,4,3,55.625578,37.6063916
74021307,Moscow,4,3,55.625578,37.6063916
74021308,Moscow,4,3,55.625578,37.6063916
74021321,Moscow,4,3,55.625578,37.6063916
74021327,Moscow,0,3,55.625578,37.6063916
74021329,Moscow,0,3,55.625578,37.6063916
74021337,Moscow,4,3,55.625578,37.6063916
74021338,Moscow,0,0,55.625578,37.6063916
74021347,Moscow,4,3,55.625578,37.6063916
74021350,Moscow,4,3,55.625578,37.6063916
74021353,Moscow,0,3,55.625578,37.6063916
74021359,Moscow,4,0,55.625578,37.6063916
74021363,Moscow,4,3,55.625578,37.6063916
74021375,Moscow,4,0,55.625578,37.6063916
74021428,Moscow,0,3,55.625578,37.6063916
74021432,Moscow,0,3,55.625578,37.6063916
74221440,Moscow,5,0,55.625578,37.6063916
74021452,Moscow,4,3,55.625578,37.6063916
74021469,Moscow,4,0,55.625578,37.6063916
74021468,Moscow,4,0,55.625578,37.6063916
74021471,Moscow,4,3,55.625578,37.6063916
74021491,Moscow,4,3,55.625578,37.6063916
74021503,Moscow,4,3,55.625578,37.6063916
74021505,Moscow,4,0,55.625578,37.6063916
74021506,Moscow,4,0,55.625578,37.6063916
74021508,Moscow,4,0,55.625578,37.6063916
74021527,Moscow,4,3,55.625578,37.6063916
74021543,Moscow,4,3,55.625578,37.6063916
74021541,Moscow,4,3,55.625578,37.6063916
74021542,Moscow,4,3,55.625578,37.6063916
74021560,Moscow,4,3,55.625578,37.6063916
74021571,Moscow,0,3,55.625578,37.6063916
74021572,Moscow,4,3,55.625578,37.6063916
74021573,Moscow,4,2,55.625578,37.6063916
74021604,Moscow,0,0,55.625578,37.6063916
74021605,Moscow,0,3,55.625578,37.6063916
74021611,Moscow,0,0,55.625578,37.6063916
74021627,Moscow,4,3,55.625578,37.6063916
74021634,Moscow,0,3,55.625578,37.6063916
74021636,Moscow,4,4,55.625578,37.6063916
74011885,Moscow,4,0,55.625578,37.6063916
74020414,Moscow,4,0,55.625578,37.6063916
74013315,Moscow,4,3,55.625578,37.6063916
74013316,Moscow,4,0,55.625578,37.6063916
74013317,Moscow,4,0,55.625578,37.6063916
74013318,Moscow,4,3,55.625578,37.6063916
74013320,Moscow,4,0,55.625578,37.6063916
74013323,Moscow,4,3,55.625578,37.6063916
74013325,Moscow,4,0,55.625578,37.6063916
74013410,Moscow,4,0,55.625578,37.6063916
74013411,Moscow,4,0,55.625578,37.6063916
74013415,Moscow,4,0,55.625578,37.6063916
74020424,Moscow,0,3,55.625578,37.6063916
74014085,Moscow,0,0,55.625578,37.6063916
74014122,Moscow,4,0,55.625578,37.6063916
74015477,Moscow,0,0,55.625578,37.6063916
74019904,Moscow,0,0,55.625578,37.6063916
74020415,Moscow,4,2,55.625578,37.6063916
74020432,Moscow,4,4,55.625578,37.6063916
74020444,Moscow,4,0,55.625578,37.6063916
74020375,Moscow,4,0,55.625578,37.6063916
74020381,Moscow,4,0,55.625578,37.6063916
74020391,Moscow,4,0,55.625578,37.6063916
74020463,Moscow,0,3,55.625578,37.6063916
74020473,Moscow,4,2,55.625578,37.6063916
74020492,Moscow,0,0,55.625578,37.6063916
74020578,Moscow,0,0,55.625578,37.6063916
74020706,Moscow,0,0,55.625578,37.6063916
74020876,Moscow,0,0,55.625578,37.6063916
74021081,Moscow,0,0,55.625578,37.6063916
74021140,Moscow,0,3,55.625578,37.6063916
74213277,Moscow,4,0,55.625578,37.6063916
74213282,Moscow,4,3,55.625578,37.6063916
74213546,Moscow,4,0,55.625578,37.6063916
74220410,Moscow,4,3,55.625578,37.6063916
74215106,Moscow,4,3,55.625578,37.6063916
74220422,Moscow,4,0,55.625578,37.6063916
74220465,Moscow,4,3,55.625578,37.6063916
74220466,Moscow,4,3,55.625578,37.6063916
74220512,Moscow,4,0,55.625578,37.6063916
74220529,Moscow,4,0,55.625578,37.6063916
74220630,Moscow,4,0,55.625578,37.6063916
74220633,Moscow,4,0,55.625578,37.6063916
74220723,Moscow,4,0,55.625578,37.6063916
74220769,Moscow,4,0,55.625578,37.6063916
74220778,Moscow,4,4,55.625578,37.6063916
74220779,Moscow,4,4,55.625578,37.6063916
74220788,Moscow,4,0,55.625578,37.6063916
74220805,Moscow,4,3,55.625578,37.6063916
74220825,Moscow,4,0,55.625578,37.6063916
74220833,Moscow,4,0,55.625578,37.6063916
74220907,Moscow,4,0,55.625578,37.6063916
74220922,Moscow,4,3,55.625578,37.6063916
74220929,Moscow,4,3,55.625578,37.6063916
74220930,Moscow,4,3,55.625578,37.6063916
74220933,Moscow,4,0,55.625578,37.6063916
74221007,Moscow,4,0,55.625578,37.6063916
74221097,Moscow,4,3,55.625578,37.6063916
74220904,Moscow,4,4,55.625578,37.6063916
74221048,Moscow,4,0,55.625578,37.6063916
74221047,Moscow,4,0,55.625578,37.6063916
74221080,Moscow,4,4,55.625578,37.6063916
74221295,Moscow,4,0,55.625578,37.6063916
74221441,Moscow,4,4,55.625578,37.6063916
74221477,Moscow,4,3,55.625578,37.6063916
74021515,Moscow,0,3,55.625578,37.6063916
74013266,Moscow,0,3,55.625578,37.6063916
74013416,Moscow,0,0,55.625578,37.6063916
74013283,Moscow,0,0,55.625578,37.6063916
74013922,Moscow,0,0,55.625578,37.6063916
74014316,Moscow,0,0,55.625578,37.6063916
74015171,Moscow,0,0,55.625578,37.6063916
74013270,Moscow,0,3,55.625578,37.6063916
74021649,Moscow,4,2,55.625578,37.6063916
74021651,Moscow,4,0,55.625578,37.6063916
74021654,Moscow,4,0,55.625578,37.6063916
74021661,Moscow,4,3,55.625578,37.6063916
74321666,Moscow,4,0,55.625578,37.6063916
74321669,Moscow,4,3,55.625578,37.6063916
74321670,Moscow,4,3,55.625578,37.6063916
74021671,Moscow,4,0,55.625578,37.6063916
74321673,Moscow,4,3,55.625578,37.6063916
74021676,Moscow,4,3,55.625578,37.6063916
74021678,Moscow,0,3,55.625578,37.6063916
74321689,Moscow,4,0,55.625578,37.6063916
74021692,Moscow,4,3,55.625578,37.6063916
74021693,Moscow,4,3,55.625578,37.6063916
74021694,Moscow,4,0,55.625578,37.6063916
74021696,Moscow,0,0,55.625578,37.6063916
74321698,Moscow,4,3,55.625578,37.6063916
74321708,Moscow,4,0,55.625578,37.6063916
74321715,Moscow,4,3,55.625578,37.6063916
74321709,Moscow,4,0,55.625578,37.6063916
74321718,Moscow,4,3,55.625578,37.6063916
74321717,Moscow,4,0,55.625578,37.6063916
74321716,Moscow,4,3,55.625578,37.6063916
74321714,Moscow,4,3,55.625578,37.6063916
74321742,Moscow,4,0,55.625578,37.6063916
74021743,Moscow,4,3,55.625578,37.6063916
74021744,Moscow,4,3,55.625578,37.6063916
74021745,Moscow,4,3,55.625578,37.6063916
74021746,Moscow,4,3,55.625578,37.6063916
74021747,Moscow,4,3,55.625578,37.6063916
74021748,Moscow,4,3,55.625578,37.6063916
74021749,Moscow,4,0,55.625578,37.6063916
74021751,Moscow,4,3,55.625578,37.6063916
74021752,Moscow,4,0,55.625578,37.6063916
74021753,Moscow,4,0,55.625578,37.6063916
74021754,Moscow,4,0,55.625578,37.6063916
74021755,Moscow,4,0,55.625578,37.6063916
74021758,Moscow,4,3,55.625578,37.6063916
74021762,Moscow,4,3,55.625578,37.6063916
74021771,Moscow,4,2,55.625578,37.6063916
74021777,Moscow,4,3,55.625578,37.6063916
74321796,Moscow,4,3,55.625578,37.6063916
74021786,Moscow,0,3,55.625578,37.6063916
74321802,Moscow,4,0,55.625578,37.6063916
74321803,Moscow,4,0,55.625578,37.6063916
74321804,Moscow,4,0,55.625578,37.6063916
74021801,Moscow,4,3,55.625578,37.6063916
74021813,Moscow,4,0,55.625578,37.6063916
74021814,Moscow,4,3,55.625578,37.6063916
74021816,Moscow,4,3,55.625578,37.6063916
74021821,Moscow,4,3,55.625578,37.6063916
74021830,Moscow,4,3,55.625578,37.6063916
74021831,Moscow,4,3,55.625578,37.6063916
74321813,Moscow,4,0,55.625578,37.6063916
74021845,Moscow,4,3,55.625578,37.6063916
74321817,Moscow,4,0,55.625578,37.6063916
74021856,Moscow,4,0,55.625578,37.6063916
74021857,Moscow,4,4,55.625578,37.6063916
74021858,Moscow,4,3,55.625578,37.6063916
74021919,Moscow,4,3,55.625578,37.6063916
74021915,Moscow,0,0,55.625578,37.6063916
74021914,Moscow,4,3,55.625578,37.6063916
74021927,Moscow,4,0,55.625578,37.6063916
74021939,Moscow,0,0,55.625578,37.6063916
74021955,Moscow,4,0,55.625578,37.6063916
74021956,Moscow,4,3,55.625578,37.6063916
74021957,Moscow,4,0,55.625578,37.6063916
74321846,Moscow,4,0,55.625578,37.6063916
74021963,Moscow,0,3,55.625578,37.6063916
74021962,Moscow,0,3,55.625578,37.6063916
74321859,Moscow,4,0,55.625578,37.6063916
74321861,Moscow,4,3,55.625578,37.6063916
74021984,Moscow,5,3,55.625578,37.6063916
74021985,Moscow,0,3,55.625578,37.6063916
74321878,Moscow,4,0,55.625578,37.6063916
74321881,Moscow,4,3,55.625578,37.6063916
74221348,Moscow Region,4,2,43.67132235,40.307289710051265
74013412,Moscow Region,0,3,43.67132235,40.307289710051265
74020419,Moscow Region,0,2,43.67132235,40.307289710051265
74221478,Moscow Region,0,4,43.67132235,40.307289710051265
74221479,Moscow Region,0,4,43.67132235,40.307289710051265
74021248,Murmansk,5,0,68.970665,33.07497
74021495,Murmansk,5,0,68.970665,33.07497
74020494,Naberejnye Tchelny,0,3,55.7419774,52.399207
74020721,Naberejnye Tchelny,0,4,55.7419774,52.399207
74021180,Naberejnye Tchelny,0,0,55.7419774,52.399207
74021737,Naberejnye Tchelny,0,3,55.7419774,52.399207
74021757,Naberejnye Tchelny,0,3,55.7419774,52.399207
74021880,Nadym,0,3,65.532,72.52
74021526,Nahabino,0,3,55.8394789,37.1770987
74021239,Nakhodka,0,4,42.8246489,132.8926
74020885,Nalchik,4,3,43.4769604,43.5966578
74221293,Naro-Fominsk,4,0,55.3842784,36.723507
74021989,Nazran,4,2,43.2320774,44.7540128
74021215,Neftekamsk,0,3,56.0884031,54.2478094
74020735,Nefteyugansk,0,3,61.0962043,72.6111908351568
74321810,Nefteyugansk,5,3,61.0962043,72.6111908351568
74021304,Nevinnomyssk,4,2,44.6245814,41.9475941
74021263,Nizhnekamsk,0,3,55.6412879,51.8160376
74021784,Nizhnekamsk,0,3,55.6412879,51.8160376
74021896,Nizhnekamsk,0,2,55.6412879,51.8160376
74020608,Nizhnevartovsk,0,0,60.9339411,76.5814274
74020609,Nizhnevartovsk,0,3,60.9339411,76.5814274
74020610,Nizhnevartovsk,0,3,60.9339411,76.5814274
74020811,Nizhnevartovsk,0,0,60.9339411,76.5814274
74021412,Nizhnevartovsk,0,2,60.9339411,76.5814274
74321811,Nizhnevartovsk,5,0,60.9339411,76.5814274
74022009,Nizhnevartovsk,0,4,60.9339411,76.5814274
74020461,Nizhny Novgorod,4,3,56.3264816,44.0051395
74020541,Nizhny Novgorod,4,0,56.3264816,44.0051395
74020651,Nizhny Novgorod,4,0,56.3264816,44.0051395
74020669,Nizhny Novgorod,4,0,56.3264816,44.0051395
74020719,Nizhny Novgorod,4,0,56.3264816,44.0051395
74020810,Nizhny Novgorod,4,2,56.3264816,44.0051395
74020950,Nizhny Novgorod,4,0,56.3264816,44.0051395
74021091,Nizhny Novgorod,4,0,56.3264816,44.0051395
74021382,Nizhny Novgorod,4,3,56.3264816,44.0051395
74021463,Nizhny Novgorod,4,3,56.3264816,44.0051395
74020402,Nizhny Novgorod,4,0,56.3264816,44.0051395
74220773,Nizhny Tagil,9,2,57.905149,59.9508466
74321570,Nizhny Tagil,9,3,57.905149,59.9508466
74220739,Noginsk,4,3,55.8553511,38.4411898
74021902,Novocherkassk,4,4,47.41066,40.101986
74020430,Novoivanovskoye,0,0,46.55389,39.771671
74220556,Novokuznetsk,5,2,53.7575903,87.1358494
74220598,Novokuznetsk,5,2,53.7575903,87.1358494
74220640,Novokuznetsk,5,3,53.7575903,87.1358494
74220707,Novokuznetsk,5,0,53.7575903,87.1358494
74220990,Novokuznetsk,5,2,53.7575903,87.1358494
74221142,Novokuznetsk,5,2,53.7575903,87.1358494
74321574,Novokuznetsk,5,3,53.7575903,87.1358494
74021911,Novomoskovsk,0,0,48.6358512,35.2595541
74220747,Novorossiysk,0,0,44.7239578,37.7690711
74220781,Novorossiysk,0,0,44.7239578,37.7690711
74220827,Novorossiysk,0,3,44.7239578,37.7690711
74220936,Novorossiysk,0,2,44.7239578,37.7690711
74221038,Novorossiysk,0,3,44.7239578,37.7690711
74321884,Novorossiysk,0,0,44.7239578,37.7690711
74221311,Novosibirsk,1,2,55.0288307,82.9226887
74221563,Novosibirsk,1,3,55.0288307,82.9226887
74213284,Novosibirsk,1,3,55.0288307,82.9226887
74213285,Novosibirsk,1,3,55.0288307,82.9226887
74213286,Novosibirsk,1,3,55.0288307,82.9226887
74214083,Novosibirsk,1,3,55.0288307,82.9226887
74214453,Novosibirsk,1,3,55.0288307,82.9226887
74214452,Novosibirsk,1,0,55.0288307,82.9226887
74214455,Novosibirsk,1,0,55.0288307,82.9226887
74215253,Novosibirsk,1,0,55.0288307,82.9226887
74220417,Novosibirsk,1,0,55.0288307,82.9226887
74220458,Novosibirsk,1,3,55.0288307,82.9226887
74220479,Novosibirsk,1,3,55.0288307,82.9226887
74220517,Novosibirsk,1,0,55.0288307,82.9226887
74220770,Novosibirsk,1,2,55.0288307,82.9226887
74220891,Novosibirsk,1,4,55.0288307,82.9226887
74220924,Novosibirsk,1,3,55.0288307,82.9226887
74221077,Novosibirsk,1,3,55.0288307,82.9226887
74221067,Novosibirsk,1,3,55.0288307,82.9226887
74221286,Novosibirsk,1,3,55.0288307,82.9226887
74221416,Novosibirsk,1,3,55.0288307,82.9226887
74221417,Novosibirsk,1,3,55.0288307,82.9226887
74221420,Novosibirsk,1,3,55.0288307,82.9226887
74221444,Novosibirsk,1,4,55.0288307,82.9226887
74221446,Novosibirsk,1,3,55.0288307,82.9226887
74321683,Novosibirsk,1,4,55.0288307,82.9226887
74321789,Novosibirsk,1,4,55.0288307,82.9226887
74321787,Novosibirsk,1,4,55.0288307,82.9226887
74321808,Novosibirsk,1,4,55.0288307,82.9226887
74321818,Novosibirsk,1,4,55.0288307,82.9226887
74321824,Novosibirsk,1,4,55.0288307,82.9226887
74321852,Novosibirsk,1,4,55.0288307,82.9226887
74321865,Novosibirsk,1,4,55.0288307,82.9226887
74020694,Novy Urengoy,0,0,66.085196,76.6799167
74021961,Novy Urengoy,0,3,66.085196,76.6799167
74021223,Noyabrsk,0,4,63.2002917,75.4475807
74021154,Nyagan,0,0,62.1445646,65.4349289
74021958,Obninsk,0,3,55.09992175,36.609273347238314
74221294,Obukhovo,0,2,55.8314658,38.2726971
74213274,Odintsovo,4,3,55.678223,37.2668096
74220643,Odintsovo,4,0,55.678223,37.2668096
74021994,Oktyabrsky,0,2,54.4809722,53.4660062
74221565,Omsk,9,3,54.983006700000004,73.37452243916528
74321627,Omsk,9,3,54.983006700000004,73.37452243916528
74213287,Omsk,9,3,54.983006700000004,73.37452243916528
74213288,Omsk,9,3,54.983006700000004,73.37452243916528
74213289,Omsk,9,0,54.983006700000004,73.37452243916528
74213291,Omsk,9,0,54.983006700000004,73.37452243916528
74215706,Omsk,9,3,54.983006700000004,73.37452243916528
74216264,Omsk,9,3,54.983006700000004,73.37452243916528
74216848,Omsk,9,3,54.983006700000004,73.37452243916528
74220425,Omsk,9,2,54.983006700000004,73.37452243916528
74220434,Omsk,9,4,54.983006700000004,73.37452243916528
74220484,Omsk,9,4,54.983006700000004,73.37452243916528
74220576,Omsk,9,3,54.983006700000004,73.37452243916528
74220858,Omsk,9,2,54.983006700000004,73.37452243916528
74221076,Omsk,9,3,54.983006700000004,73.37452243916528
74321785,Omsk,9,3,54.983006700000004,73.37452243916528
74321821,Omsk,9,3,54.983006700000004,73.37452243916528
74321829,Omsk,9,4,54.983006700000004,73.37452243916528
74321875,Omsk,9,3,54.983006700000004,73.37452243916528
74321892,Omsk,9,3,54.983006700000004,73.37452243916528
74020798,Orehovo-Zuevo,0,3,55.8083278,38.9790038
74220768,Orehovo-Zuevo,4,0,55.8083278,38.9790038
74321828,Orehovo-Zuevo,4,0,55.8083278,38.9790038
74020551,Orenburg,4,3,51.7671248,55.0978517
74020851,Orenburg,4,3,51.7671248,55.0978517
74021026,Orenburg,4,3,51.7671248,55.0978517
74021484,Orenburg,4,3,51.7671248,55.0978517
74021928,Orenburg,4,0,51.7671248,55.0978517
74021978,Orenburg,4,4,51.7671248,55.0978517
74021952,Orsk,4,3,51.2305015,58.4738015
74021204,Oryol,0,0,52.9687747,36.0694937
74021261,Oryol,0,3,52.9687747,36.0694937
74021351,Oryol,0,3,52.9687747,36.0694937
74221421,Ostrovtsy,4,2,55.5875047,38.0055483
74220409,Otradnoe,4,0,59.772663,30.802027
74221323,Pavlovsky Posad,4,3,55.7813357,38.6507838
74020498,Penza,0,3,53.1937836,45.006741250609664
74020470,Penza,0,3,53.1937836,45.006741250609664
74020717,Penza,0,4,53.1937836,45.006741250609664
74021025,Penza,0,4,53.1937836,45.006741250609664
74021427,Penza,0,3,53.1937836,45.006741250609664
74021457,Penza,0,0,53.1937836,45.006741250609664
74021812,Penza,0,3,53.1937836,45.006741250609664
74021912,Penza,0,3,53.1937836,45.006741250609664
74021975,Penza,0,3,53.1937836,45.006741250609664
74021066,Perm,0,2,58.014965,56.246723
74021262,Perm,0,3,58.014965,56.246723
74021341,Perm,0,3,58.014965,56.246723
74021460,Perm,0,3,58.014965,56.246723
74021540,Perm,0,0,58.014965,56.246723
74021582,Perm,0,3,58.014965,56.246723
74021583,Perm,0,3,58.014965,56.246723
74021588,Perm,0,2,58.014965,56.246723
74021058,Perm,0,3,58.014965,56.246723
74021785,Perm,0,3,58.014965,56.246723
74021832,Perm,0,0,58.014965,56.246723
74021943,Perm,0,0,58.014965,56.246723
74021990,Perm,0,4,58.014965,56.246723
74321682,Pervouralsk,9,4,56.9051246,59.9431941
74020634,Petrozavodsk,5,0,61.7900426,34.390007
74020662,Petrozavodsk,5,4,61.7900426,34.390007
74020667,Petrozavodsk,5,4,61.7900426,34.390007
74021617,Petushki,0,2,55.9310313,39.4599489
74220821,Podol’sk,4,4,55.4308841,37.5453056
74321722,Podol’sk,4,0,55.4308841,37.5453056
74321760,Podol’sk,4,0,55.4308841,37.5453056
74321876,Podol’sk,4,2,55.4308841,37.5453056
74021514,Povarovo,0,3,56.0758541,37.0542886
74321575,Prokopyevsk,6,3,53.8879117,86.7492072
74020668,Pskov,4,2,57.8173923,28.3343465
74020693,Pskov,4,3,57.8173923,28.3343465
74021608,Purshevo,0,3,56.769699,28.677
74021520,Pushchino,0,3,54.8347213,37.6139685
74221164,Pushkino,4,0,56.0104274,37.8461892
74021536,Pushkino,4,3,56.0104274,37.8461892
74021538,Pushkino,4,3,56.0104274,37.8461892
74020860,Pushkino,0,2,56.0104274,37.8461892
74221322,Pushkino,4,0,56.0104274,37.8461892
74020782,Pyatigorsk,4,3,44.039775,43.0706669
74220905,Ramenskoye,4,3,55.5709361,38.2282099
74021529,Rastunovo,0,3,55.2689235,37.8333619
74220491,Reutov,4,3,55.7622453,37.856555
74221065,Reutov,4,3,55.7622453,37.856555
74321706,Reutov,4,0,55.7622453,37.856555
74321719,Reutov,4,0,55.7622453,37.856555
74321858,Revda,0,3,56.8000651,59.9086688
74021970,Roslavl,0,3,53.9448028,32.84788573198853
74021930,Rostov,9,4,47.2216548,39.7096061
74020481,Rostov-na-Donu,4,3,47.2216548,39.7096061
74020511,Rostov-na-Donu,4,3,47.2216548,39.7096061
74020575,Rostov-na-Donu,4,3,47.2216548,39.7096061
74020671,Rostov-na-Donu,4,3,47.2216548,39.7096061
74021162,Rostov-na-Donu,4,3,47.2216548,39.7096061
74021205,Rostov-na-Donu,4,0,47.2216548,39.7096061
74017259,Rostov-na-Donu,4,3,47.2216548,39.7096061
74021642,Rostov-na-Donu,4,0,47.2216548,39.7096061
74021733,Rostov-na-Donu,4,4,47.2216548,39.7096061
74021900,Rostov-na-Donu,4,2,47.2216548,39.7096061
74021901,Rostov-na-Donu,4,2,47.2216548,39.7096061
74021999,Rostov-na-Donu,4,2,47.2216548,39.7096061
74220958,Ruza,0,4,55.6998907,36.1946992
74021237,Ryazan,0,0,54.6295687,39.7425039
74021316,Ryazan,0,0,54.6295687,39.7425039
74021554,Ryazan,0,3,54.6295687,39.7425039
74021802,Ryazan,0,3,54.6295687,39.7425039
74021865,Ryazan,0,2,54.6295687,39.7425039
74021890,Ryazan,0,3,54.6295687,39.7425039
74021873,Rybinsk,4,0,58.050373,38.834637
74021889,Rybinsk,4,3,58.050373,38.834637
74021179,Rzhavki,0,2,56.0129462,37.2243412
74220601,Rzhavki,0,0,56.0129462,37.2243412
74021887,Safonovo,0,2,55.1084278,33.2376513
74020450,Saint Petersburg,4,0,59.9606739,30.1586551
74020451,Saint Petersburg,4,1,59.9606739,30.1586551
74020474,Saint Petersburg,4,0,59.9606739,30.1586551
74020478,Saint Petersburg,4,2,59.9606739,30.1586551
74020521,Saint Petersburg,4,3,59.9606739,30.1586551
74020522,Saint Petersburg,4,4,59.9606739,30.1586551
74020523,Saint Petersburg,4,0,59.9606739,30.1586551
74020524,Saint Petersburg,4,2,59.9606739,30.1586551
74020543,Saint Petersburg,4,0,59.9606739,30.1586551
74020606,Saint Petersburg,4,3,59.9606739,30.1586551
74020619,Saint Petersburg,4,0,59.9606739,30.1586551
74020618,Saint Petersburg,4,0,59.9606739,30.1586551
74020615,Saint Petersburg,4,4,59.9606739,30.1586551
74020647,Saint Petersburg,4,0,59.9606739,30.1586551
74020648,Saint Petersburg,4,0,59.9606739,30.1586551
74020663,Saint Petersburg,4,3,59.9606739,30.1586551
74020665,Saint Petersburg,4,2,59.9606739,30.1586551
74020666,Saint Petersburg,4,2,59.9606739,30.1586551
74020784,Saint Petersburg,4,3,59.9606739,30.1586551
74020815,Saint Petersburg,4,0,59.9606739,30.1586551
74020816,Saint Petersburg,0,3,59.9606739,30.1586551
74020861,Saint Petersburg,4,4,59.9606739,30.1586551
74020877,Saint Petersburg,0,3,59.9606739,30.1586551
74020879,Saint Petersburg,4,4,59.9606739,30.1586551
74020881,Saint Petersburg,4,3,59.9606739,30.1586551
74020882,Saint Petersburg,4,3,59.9606739,30.1586551
74020883,Saint Petersburg,4,4,59.9606739,30.1586551
74020920,Saint Petersburg,4,3,59.9606739,30.1586551
74020987,Saint Petersburg,4,3,59.9606739,30.1586551
74021005,Saint Petersburg,0,3,59.9606739,30.1586551
74021028,Saint Petersburg,4,3,59.9606739,30.1586551
74021029,Saint Petersburg,4,4,59.9606739,30.1586551
74021051,Saint Petersburg,4,3,59.9606739,30.1586551
74021052,Saint Petersburg,4,0,59.9606739,30.1586551
74021063,Saint Petersburg,4,4,59.9606739,30.1586551
74021089,Saint Petersburg,4,3,59.9606739,30.1586551
74021130,Saint Petersburg,4,4,59.9606739,30.1586551
74021148,Saint Petersburg,4,3,59.9606739,30.1586551
74021150,Saint Petersburg,4,2,59.9606739,30.1586551
74021151,Saint Petersburg,4,4,59.9606739,30.1586551
74021182,Saint Petersburg,4,0,59.9606739,30.1586551
74021183,Saint Petersburg,4,2,59.9606739,30.1586551
74021247,Saint Petersburg,4,3,59.9606739,30.1586551
74021269,Saint Petersburg,4,4,59.9606739,30.1586551
74021274,Saint Petersburg,4,3,59.9606739,30.1586551
74021275,Saint Petersburg,4,4,59.9606739,30.1586551
74021325,Saint Petersburg,4,3,59.9606739,30.1586551
74021377,Saint Petersburg,4,3,59.9606739,30.1586551
74021378,Saint Petersburg,4,3,59.9606739,30.1586551
74021379,Saint Petersburg,4,2,59.9606739,30.1586551
74021380,Saint Petersburg,4,3,59.9606739,30.1586551
74021381,Saint Petersburg,4,3,59.9606739,30.1586551
74021492,Saint Petersburg,4,0,59.9606739,30.1586551
74021494,Saint Petersburg,0,3,59.9606739,30.1586551
74021545,Saint Petersburg,4,3,59.9606739,30.1586551
74021591,Saint Petersburg,4,3,59.9606739,30.1586551
74021593,Saint Petersburg,4,3,59.9606739,30.1586551
74021638,Saint Petersburg,4,3,59.9606739,30.1586551
74021640,Saint Petersburg,4,3,59.9606739,30.1586551
74009310,Saint Petersburg,0,3,59.9606739,30.1586551
74011239,Saint Petersburg,4,3,59.9606739,30.1586551
74012019,Saint Petersburg,4,0,59.9606739,30.1586551
74012022,Saint Petersburg,4,0,59.9606739,30.1586551
74012107,Saint Petersburg,4,3,59.9606739,30.1586551
74012184,Saint Petersburg,4,0,59.9606739,30.1586551
74012185,Saint Petersburg,4,0,59.9606739,30.1586551
74012833,Saint Petersburg,4,0,59.9606739,30.1586551
74012966,Saint Petersburg,4,2,59.9606739,30.1586551
74013222,Saint Petersburg,4,0,59.9606739,30.1586551
74013406,Saint Petersburg,4,0,59.9606739,30.1586551
74013755,Saint Petersburg,4,0,59.9606739,30.1586551
74013948,Saint Petersburg,4,0,59.9606739,30.1586551
74014706,Saint Petersburg,4,3,59.9606739,30.1586551
74014946,Saint Petersburg,4,2,59.9606739,30.1586551
74014994,Saint Petersburg,4,0,59.9606739,30.1586551
74015266,Saint Petersburg,4,0,59.9606739,30.1586551
74015748,Saint Petersburg,4,0,59.9606739,30.1586551
74015749,Saint Petersburg,4,0,59.9606739,30.1586551
74016068,Saint Petersburg,4,3,59.9606739,30.1586551
74016847,Saint Petersburg,4,3,59.9606739,30.1586551
74020322,Saint Petersburg,0,0,59.9606739,30.1586551
74020379,Saint Petersburg,4,0,59.9606739,30.1586551
74020392,Saint Petersburg,4,0,59.9606739,30.1586551
74020431,Saint Petersburg,4,0,59.9606739,30.1586551
74020377,Saint Petersburg,4,0,59.9606739,30.1586551
74020376,Saint Petersburg,4,4,59.9606739,30.1586551
74020398,Saint Petersburg,4,2,59.9606739,30.1586551
74021685,Saint Petersburg,4,3,59.9606739,30.1586551
74021686,Saint Petersburg,4,3,59.9606739,30.1586551
74021713,Saint Petersburg,4,3,59.9606739,30.1586551
74021824,Saint Petersburg,4,3,59.9606739,30.1586551
74021846,Saint Petersburg,4,3,59.9606739,30.1586551
74021862,Saint Petersburg,4,3,59.9606739,30.1586551
74021863,Saint Petersburg,4,3,59.9606739,30.1586551
74021913,Saint Petersburg,4,3,59.9606739,30.1586551
74021916,Saint Petersburg,4,3,59.9606739,30.1586551
74021953,Saint Petersburg,4,0,59.9606739,30.1586551
74022005,Saint Petersburg,0,3,59.9606739,30.1586551
74021485,Salavat,0,3,53.361687,55.924641
74021937,Salekhard,0,3,66.5375387,66.6157469
74220384,Samara,4,0,53.198627,50.113987
74213461,Samara,4,0,53.198627,50.113987
74214957,Samara,4,0,53.198627,50.113987
74215951,Samara,4,3,53.198627,50.113987
74216325,Samara,4,3,53.198627,50.113987
74220488,Samara,4,3,53.198627,50.113987
74220489,Samara,4,0,53.198627,50.113987
74220516,Samara,4,0,53.198627,50.113987
74220628,Samara,4,0,53.198627,50.113987
74220822,Samara,4,0,53.198627,50.113987
74221002,Samara,4,0,53.198627,50.113987
74221158,Samara,4,0,53.198627,50.113987
74221258,Samara,4,0,53.198627,50.113987
74221445,Samara,4,3,53.198627,50.113987
74321823,Samara,4,0,53.198627,50.113987
74321833,Samara,4,3,53.198627,50.113987
74321848,Samara,4,3,53.198627,50.113987
74021650,Saransk,4,2,54.18671,45.18383
74021017,Sarapul,0,3,56.477334,53.8192957
74020624,Saratov,0,2,51.530018,46.034683
74020849,Saratov,0,0,51.530018,46.034683
74021152,Saratov,0,2,51.530018,46.034683
74021264,Saratov,0,3,51.530018,46.034683
74021265,Saratov,0,2,51.530018,46.034683
74021483,Saratov,0,3,51.530018,46.034683
74021487,Saratov,0,3,51.530018,46.034683
74015796,Saratov,0,3,51.530018,46.034683
74020323,Saratov,0,0,51.530018,46.034683
74020387,Saratov,0,0,51.530018,46.034683
74021779,Saratov,0,2,51.530018,46.034683
74021944,Saratov,0,3,51.530018,46.034683
74021995,Saratov,0,3,51.530018,46.034683
74321690,Selyatino,4,2,55.51537,36.98217
74021169,Sergiev-Posad,0,3,56.3153284,38.1359898
74220533,Sergiev-Posad,4,2,56.3153284,38.1359898
74220579,Sergiev-Posad,4,0,56.3153284,38.1359898
74220552,Serpukhov,4,4,54.9155247,37.4195533
74221488,Serpukhov,4,0,54.9155247,37.4195533
74021335,Severodvinsk,5,4,64.563385,39.823769
74020908,Shakhovskaya,0,3,56.031464,35.5102036
74321812,Shatura,4,3,55.578403,39.5437584
74220439,Shcherbinka,0,2,55.5069136,37.5673544
74321629,Shchyolkovo,4,4,55.9206499,37.9915576
74220705,Shchyolkovo,4,3,55.9206499,37.9915576
74221073,Shchyolkovo,4,3,55.9206499,37.9915576
74021518,Shchyolkovo,0,3,55.9206499,37.9915576
74021236,Sheremetyevo airport,10,3,55.97608755,37.4238008194297
74021532,Skolkovo,0,3,53.3193964,50.7457846
74021108,Slavyansk-na-Kubani,7,3,45.2590875,38.1244609
74021235,Smolensk,0,3,54.7814057,32.0461261
74021252,Smolensk,0,3,54.7814057,32.0461261
74021453,Smolensk,0,3,54.7814057,32.0461261
74021531,Snegiri,0,3,55.8852215,37.0391707
74021109,Sochi,7,3,43.5854823,39.723109
74220497,Sochi,7,3,43.5854823,39.723109
74220715,Sochi,7,3,43.5854823,39.723109
74220718,Sochi,7,0,43.5854823,39.723109
74220971,Sochi,7,0,43.5854823,39.723109
74221289,Sochi,7,3,43.5854823,39.723109
74221291,Sochi,7,4,43.5854823,39.723109
74221298,Sochi,7,3,43.5854823,39.723109
74220890,Solnechnogorsk,4,3,56.1853501,36.9781536
74020646,Sosnovy Bor,9,3,59.8968655,29.0765628
74221176,Staraya Kupavna,4,3,55.8070323,38.1774172
74021621,Stary Oskol,4,0,51.298038,37.833202
74021061,Stavropol,4,0,44.8632577,43.4406913
74021068,Stavropol,4,2,44.8632577,43.4406913
74021126,Stavropol,4,3,44.8632577,43.4406913
74015174,Stavropol,4,3,44.8632577,43.4406913
74021851,Stavropol,4,3,44.8632577,43.4406913
74021948,Stavropol,4,2,44.8632577,43.4406913
74020504,Sterlitamak,0,3,53.632374,55.952259
74021125,Sterlitamak,0,3,53.632374,55.952259
74021866,Sterlitamak,0,0,53.632374,55.952259
74020657,Stupino,0,0,54.886598,38.0772589
74221448,Stupino,4,4,54.886598,38.0772589
74020487,Surgut,0,3,61.254032,73.3964
74020597,Surgut,0,2,61.254032,73.3964
74020704,Surgut,0,2,61.254032,73.3964
74020411,Surgut,0,0,61.254032,73.3964
74013352,Surgut,0,3,61.254032,73.3964
74020416,Surgut,0,0,61.254032,73.3964
74321844,Surgut,5,3,61.254032,73.3964
74321877,Surgut,5,2,61.254032,73.3964
74021859,Suzdal,5,3,56.4193908,40.4487893
74021521,Sverdlovskiy,0,3,55.9016773,38.1397082
74021481,Syktyvkar,5,0,61.6685237,50.8352024
74321839,Syzran,4,3,53.15538,48.474121
74321840,Syzran,4,4,53.15538,48.474121
74021163,Taganrog,4,3,47.2153657,38.9285216
74021513,Taldom,0,3,56.730941,37.528016
74021738,Taman,7,2,45.2158646,36.7191326
74021823,Taman,7,2,45.2158646,36.7191326
74021556,Tambov,0,0,52.731118499999994,41.434199146086904
74021618,Tambov,0,3,52.731118499999994,41.434199146086904
74021714,Tambov,0,3,52.731118499999994,41.434199146086904
74021107,Temryuk,7,3,45.2751663,37.3905481
74021847,Tikhoretsk,7,2,45.854679,40.128124
74021594,Tikhvin,4,3,59.644323,33.5418624
74221033,Tobolsk,9,0,58.1998048,68.2512924
74221144,Tobolsk,9,3,58.1998048,68.2512924
74216249,Tolyatti,4,0,53.5149884,49.4073316
74220540,Tolyatti,4,4,53.5149884,49.4073316
74221123,Tolyatti,4,2,53.5149884,49.4073316
74321864,Tolyatti,4,1,53.5149884,49.4073316
74220534,Tomsk,9,0,58.6124279,82.0475315
74220537,Tomsk,9,1,58.6124279,82.0475315
74220650,Tomsk,9,3,58.6124279,82.0475315
74220903,Tomsk,9,3,58.6124279,82.0475315
74221564,Tomsk,9,0,58.6124279,82.0475315
74321815,Tomsk,9,0,58.6124279,82.0475315
74321879,Tomsk,9,3,58.6124279,82.0475315
74221227,Troitsk,4,3,54.0847722,61.5514047
74321782,Troitsk (Chelyabinsk),5,3,54.0847722,61.5514047
74220873,Tuapse,4,0,44.0984747,39.0718875
74021517,Tuchkovo,0,3,55.6014428,36.4662973
74020814,Tula,0,3,54.1930321,37.61754
74020968,Tula,0,3,54.1930321,37.61754
74020967,Tula,0,3,54.1930321,37.61754
74021246,Tula,0,0,54.1930321,37.61754
74020695,Tver,0,3,56.858675,35.9208284
74020733,Tver,0,0,56.858675,35.9208284
74020734,Tver,0,0,56.858675,35.9208284
74021218,Tver,0,3,56.858675,35.9208284
74321569,Tyumen,9,0,57.153534,65.542274
74216833,Tyumen,9,3,57.153534,65.542274
74220456,Tyumen,9,3,57.153534,65.542274
74220486,Tyumen,9,3,57.153534,65.542274
74220635,Tyumen,9,3,57.153534,65.542274
74221145,Tyumen,9,3,57.153534,65.542274
74221072,Tyumen,9,0,57.153534,65.542274
74221328,Tyumen,9,0,57.153534,65.542274
74221413,Tyumen,9,4,57.153534,65.542274
74221482,Tyumen,9,3,57.153534,65.542274
74221502,Tyumen,9,3,57.153534,65.542274
74321658,Tyumen,9,0,57.153534,65.542274
74321721,Tyumen,9,3,57.153534,65.542274
74321836,Tyumen,9,0,57.153534,65.542274
74020468,Ufa,0,3,54.7261409,55.947499
74020469,Ufa,0,3,54.7261409,55.947499
74020503,Ufa,0,3,54.7261409,55.947499
74020555,Ufa,0,3,54.7261409,55.947499
74020702,Ufa,0,3,54.7261409,55.947499
74020896,Ufa,0,2,54.7261409,55.947499
74021127,Ufa,0,3,54.7261409,55.947499
74021214,Ufa,0,0,54.7261409,55.947499
74021216,Ufa,0,3,54.7261409,55.947499
74021276,Ufa,0,4,54.7261409,55.947499
74015173,Ufa,0,3,54.7261409,55.947499
74015705,Ufa,0,0,54.7261409,55.947499
74020378,Ufa,0,0,54.7261409,55.947499
74020395,Ufa,0,3,54.7261409,55.947499
74021787,Ufa,0,2,54.7261409,55.947499
74021788,Ufa,0,3,54.7261409,55.947499
74021789,Ufa,0,3,54.7261409,55.947499
74021480,Ukhta,5,3,63.5623797,53.6842376
74021641,Ulan-Ude,6,0,51.8357841,107.5839105
74021810,Ulan-Ude,6,0,51.8357841,107.5839105
74021833,Ulan-Ude,6,3,51.8357841,107.5839105
74021842,Ulan-Ude,6,3,51.8357841,107.5839105
74021360,Ulyanovsk,0,0,54.3150278,48.403373
74021361,Ulyanovsk,0,3,54.3150278,48.403373
74021619,Ulyanovsk,0,3,54.3150278,48.403373
74021620,Ulyanovsk,0,3,54.3150278,48.403373
74021695,Ussuriysk,0,0,43.7972447,131.9520752
74021854,Ussuriysk,0,2,43.7972447,131.9520752
74021820,Ust-Dzheguta,0,3,44.0858961,41.9722557
74020616,Velikiy Novgorod,9,3,58.5209862,31.2757862
74020664,Velikiy Novgorod,9,2,58.5209862,31.2757862
74221297,Vidnoye,4,0,55.5571496,37.7087142
74321677,Vidnoye,4,0,55.5571496,37.7087142
74020944,Vladikavkaz,4,3,43.024593,44.68211
74021585,Vladikavkaz,4,2,43.024593,44.68211
74021234,Vladimir,4,3,56.1288899,40.4075203
74021410,Vladimir,4,3,56.1288899,40.4075203
74021553,Vladimir,4,3,56.1288899,40.4075203
74021826,Vladimir,4,2,56.1288899,40.4075203
74021888,Vladimir,4,3,56.1288899,40.4075203
74020960,Vladivostok,0,3,43.1150678,131.8855768
74020961,Vladivostok,0,3,43.1150678,131.8855768
74021238,Vladivostok,0,3,43.1150678,131.8855768
74021241,Vladivostok,0,3,43.1150678,131.8855768
74021368,Vladivostok,0,0,43.1150678,131.8855768
74021559,Vladivostok,0,3,43.1150678,131.8855768
74021756,Vladivostok,0,2,43.1150678,131.8855768
74021815,Vladivostok,0,3,43.1150678,131.8855768
74021897,Vladivostok,0,3,43.1150678,131.8855768
74021922,Vladivostok,0,0,43.1150678,131.8855768
74021921,Vladivostok,0,0,43.1150678,131.8855768
74021960,Vladivostok,0,3,43.1150678,131.8855768
74220438,Volgograd,4,0,48.6484138,44.384975590129905
74220447,Volgograd,4,2,48.6484138,44.384975590129905
74220530,Volgograd,4,0,48.6484138,44.384975590129905
74220536,Volgograd,4,2,48.6484138,44.384975590129905
74220553,Volgograd,4,3,48.6484138,44.384975590129905
74221288,Volgograd,4,0,48.6484138,44.384975590129905
74321712,Volgograd,4,2,48.6484138,44.384975590129905
74321843,Volgograd,4,3,48.6484138,44.384975590129905
74020644,Vologda,4,4,60.0391461,43.1215213
74321902,Voronezh,0,0,51.67993115,39.18375597402426
74321903,Voronezh,0,3,51.67993115,39.18375597402426
74321904,Voronezh,0,3,51.67993115,39.18375597402426
74321905,Voronezh,0,3,51.67993115,39.18375597402426
74321906,Voronezh,0,0,51.67993115,39.18375597402426
74321907,Voronezh,0,2,51.67993115,39.18375597402426
74321908,Voronezh,0,3,51.67993115,39.18375597402426
74321909,Voronezh,0,2,51.67993115,39.18375597402426
74321913,Voronezh,0,3,51.67993115,39.18375597402426
74321914,Voronezh,0,3,51.67993115,39.18375597402426
74321915,Voronezh,0,0,51.67993115,39.18375597402426
74220603,Voskresensk,4,4,55.322518,38.6816824
74321793,Voskresensk,4,3,55.322518,38.6816824
74021736,Votkinsk,0,2,57.052505,53.990612
74021465,Vyborg,9,3,60.709217,28.744051
74021437,Yakutsk,8,0,62.0274078,129.7319787
74021635,Yakutsk,8,2,62.0274078,129.7319787
74021809,Yakutsk,8,3,62.0274078,129.7319787
74021910,Yakutsk,8,0,62.0274078,129.7319787
74021790,Yaroslavl,4,3,57.6263877,39.8933705
74021791,Yaroslavl,4,0,57.6263877,39.8933705
74021793,Yaroslavl,4,0,57.6263877,39.8933705
74021794,Yaroslavl,4,0,57.6263877,39.8933705
74021795,Yaroslavl,4,3,57.6263877,39.8933705
74021825,Yaroslavl,4,4,57.6263877,39.8933705
74021844,Yaroslavl,4,3,57.6263877,39.8933705
74021926,Yaroslavl,4,4,57.6263877,39.8933705
74021945,Yaroslavl,4,3,57.6263877,39.8933705
74321834,Yegoryevsk,4,3,55.3829765,39.0356223
74021592,Yoshkar-Ola,4,3,56.6326996,47.8975847
74021568,Yudino,0,3,55.6685791,95.5043234
74021942,Yurga,0,3,55.7136,84.934799
74021875,Zarechniy,0,3,51.1423214,94.5103893
74020661,Zelenodolsk,9,3,55.8586627,48.55746590061055
74022000,Zelenokumsk,4,2,44.403175,43.884163
74321795,Zhukovsky,4,0,55.569172699999996,38.116801910954834
74321853,Zhukovsky,4,3,55.569172699999996,38.116801910954834
74321894,Zlatoust,0,4,55.03463945,59.529269431190286