restaurant_id,Market Segment,Price Group,Room Type,latitude,longitude,order_value_mean,order_value_std,product_qnt_mean,product_qnt_std,used_points_qnt_mean,used_points_qnt_std,order_value_mean_Kmean_Cluster,Combined_Cluster,latitude_longitude_Dbscan_Cluster,group
74020450,Saint Petersburg,4,0,59.9606739,30.1586551,2.926845415425356,2.183231764916572,124.58126448195962,75.2095247674891,1.9198940748096656,105.52433669014964,7,7.0_4.0,4.0,Control
74020474,Saint Petersburg,4,0,59.9606739,30.1586551,2.8396543446951514,2.035276473767483,122.46375420067211,74.72844158983388,12.8420547287566,394.12338336339377,7,7.0_4.0,4.0,Control
74020521,Saint Petersburg,4,3,59.9606739,30.1586551,2.7426992896606155,1.84629840925268,122.41831097079717,75.17381632255814,10.812943962115233,334.29330408768243,7,7.0_4.0,4.0,Control
74020615,Saint Petersburg,4,4,59.9606739,30.1586551,2.936680901192755,2.1545161933984223,122.5003681342954,74.52922225818116,12.81107347960536,366.02498699629314,7,7.0_4.0,4.0,Control
74020647,Saint Petersburg,4,0,59.9606739,30.1586551,2.8378588052754075,2.0748718331555214,122.75872769588828,76.13568532552347,2.2498060512024827,114.23167291506468,7,7.0_4.0,4.0,Control
74020648,Saint Petersburg,4,0,59.9606739,30.1586551,2.7578108618158943,1.9335257217673685,126.2344306982596,74.32004682170486,2.0549381421681696,141.9098086576403,7,7.0_4.0,4.0,Control
74020784,Saint Petersburg,4,3,59.9606739,30.1586551,2.7569079698561314,1.8992391650186728,124.41333637816854,76.32496930193624,10.070792418360355,324.2108603688717,7,7.0_4.0,4.0,Control
74020877,Saint Petersburg,0,3,59.9606739,30.1586551,2.7605777054515865,2.0069665017201377,124.70056956875509,75.56604064094917,11.655817737998373,349.80655070815243,7,7.0_4.0,4.0,Control
74021089,Saint Petersburg,4,3,59.9606739,30.1586551,2.8060831930752586,2.023672937280013,123.9028612647271,74.97270034345784,6.143303678768935,221.81606321230203,7,7.0_4.0,4.0,Control
74021148,Saint Petersburg,4,3,59.9606739,30.1586551,2.8805297651556527,2.078300112916512,123.42763517203714,75.7381813088144,13.96777717094484,399.7064839387325,7,7.0_4.0,4.0,Control
74021269,Saint Petersburg,4,4,59.9606739,30.1586551,2.947019867549669,2.2342996296327726,129.38767193071828,74.5693308799273,10.137544574630668,259.84024620699495,7,7.0_4.0,4.0,Control
74021274,Saint Petersburg,4,3,59.9606739,30.1586551,2.76193724420191,1.9123793486060228,124.12169167803548,74.547058592162,9.18144611186903,333.05461577318744,7,7.0_4.0,4.0,Control
74021275,Saint Petersburg,4,4,59.9606739,30.1586551,2.936487854251012,2.026901105371725,126.08957489878544,75.18521445303384,5.592105263157895,262.46305788928623,7,7.0_4.0,4.0,Control
74021325,Saint Petersburg,4,3,59.9606739,30.1586551,2.857507443641004,2.116804553120423,123.29817099106764,75.267922449161,5.253083794130157,181.04159200760668,7,7.0_4.0,4.0,Control
74021492,Saint Petersburg,4,0,59.9606739,30.1586551,2.8121493047084654,2.01176110993622,124.3200780678214,73.3093288792496,15.198828982678702,434.7752915721349,7,7.0_4.0,4.0,Control
74021494,Saint Petersburg,0,3,59.9606739,30.1586551,2.7980647875473283,1.911844431328771,124.03982611134484,75.16873649741424,10.082737343991026,318.8656813563352,7,7.0_4.0,4.0,Control
74021591,Saint Petersburg,4,3,59.9606739,30.1586551,2.8159331834243493,1.9540529163028155,127.49759074847414,74.29256446480237,7.067137809187279,253.77124883794565,7,7.0_4.0,4.0,Control
74021593,Saint Petersburg,4,3,59.9606739,30.1586551,2.760392156862745,2.0020189464318743,123.58039215686274,76.2185085085354,8.333333333333334,288.09000131773627,7,7.0_4.0,4.0,Control
74021640,Saint Petersburg,4,3,59.9606739,30.1586551,2.91606648199446,2.010677147507013,122.18725761772852,76.3137301111474,9.265927977839334,288.54717010399185,7,7.0_4.0,4.0,Control
74009310,Saint Petersburg,0,3,59.9606739,30.1586551,2.7929717341482045,2.034399111760038,124.04354469060353,74.91941753403283,3.991596638655462,174.64458396877652,7,7.0_4.0,4.0,Test
74011239,Saint Petersburg,4,3,59.9606739,30.1586551,2.7642857142857142,1.995586271428548,125.34044265593562,75.47855436104135,14.084507042253522,422.4112303327494,7,7.0_4.0,4.0,Control
74012019,Saint Petersburg,4,0,59.9606739,30.1586551,2.864131954151524,1.9890618207222277,123.92284036902431,75.08961593033611,6.3181436958344985,283.4141926101076,7,7.0_4.0,4.0,Control
74012022,Saint Petersburg,4,0,59.9606739,30.1586551,2.7884876869617767,1.9432832442969223,123.43737724731832,75.61142012260395,5.967668832149871,227.3310387757525,7,7.0_4.0,4.0,Control
74012184,Saint Petersburg,4,0,59.9606739,30.1586551,2.8811380400421496,2.102604276056566,122.85353003161222,75.32276137943819,2.065331928345627,142.2682427591877,7,7.0_4.0,4.0,Control
74012185,Saint Petersburg,4,0,59.9606739,30.1586551,2.8865950226244346,2.068377488422384,124.38178733031674,77.28638488369319,5.260180995475113,238.8110846737564,7,7.0_4.0,4.0,Control
74012833,Saint Petersburg,4,0,59.9606739,30.1586551,2.757244655581948,1.908696634108209,124.58527315914488,74.9575470044142,7.292161520190024,248.3426320129272,7,7.0_4.0,4.0,Control
74013406,Saint Petersburg,4,0,59.9606739,30.1586551,2.920427950518221,2.191429173732536,120.36242059511868,75.82477409514802,1.9391507856904044,106.0522256108014,7,7.0_4.0,4.0,Control
74013755,Saint Petersburg,4,0,59.9606739,30.1586551,2.9408268035666034,2.1686987672883724,120.05512023777358,75.30183723301818,19.45420156714401,543.7853554798697,7,7.0_4.0,4.0,Control
74015266,Saint Petersburg,4,0,59.9606739,30.1586551,2.840769903762029,2.0648183801714417,122.2292213473316,74.36438727920067,2.537182852143482,121.30812232671045,7,7.0_4.0,4.0,Control
74015749,Saint Petersburg,4,0,59.9606739,30.1586551,2.836744882675986,1.9738064435098717,127.2031952071892,74.0062107565627,0.0,0.0,7,7.0_4.0,4.0,Control
74016068,Saint Petersburg,4,3,59.9606739,30.1586551,2.8879372913340107,2.02530046769674,123.64174771374655,75.66052520653861,1.9741617070692408,116.16772649732064,7,7.0_4.0,4.0,Control
74020322,Saint Petersburg,0,0,59.9606739,30.1586551,2.873797726610318,2.0742002969232565,125.6289128533955,73.8315177932748,4.966482075196736,242.1240266653267,7,7.0_4.0,4.0,Control
74020431,Saint Petersburg,4,0,59.9606739,30.1586551,2.778538812785388,2.0222762564456365,124.71885192433136,75.24519061955506,4.92498369210698,197.9137788659693,7,7.0_4.0,4.0,Control
74021685,Saint Petersburg,4,3,59.9606739,30.1586551,2.8111044055522028,2.1402493964453093,125.25648762824382,75.38035154994674,2.202776101388051,126.80798689409428,7,7.0_4.0,4.0,Control
74021686,Saint Petersburg,4,3,59.9606739,30.1586551,2.7885679164105714,2.0256943876385205,121.35279655808236,76.3890557648735,4.56361401352182,186.60147575001167,7,7.0_4.0,4.0,Control
74021713,Saint Petersburg,4,3,59.9606739,30.1586551,2.922893101800223,2.0217381514840698,124.67739365939144,75.71751504423692,4.285486697466943,197.68204267174943,7,7.0_4.0,4.0,Control
74021916,Saint Petersburg,4,3,59.9606739,30.1586551,2.7859838274932613,1.94829400288177,125.58562443845464,75.11351635808037,4.564240790655885,204.243298536597,7,7.0_4.0,4.0,Control
74022005,Saint Petersburg,0,3,59.9606739,30.1586551,2.8210296260320544,2.1584714471569413,129.63963088878097,73.49824512195204,10.879067508499272,299.5229863919025,7,7.0_4.0,4.0,Control
